{
  "project_info": {
    "project_number": "768555341683",
    "firebase_url": "https://kiacs-8ac83.firebaseio.com",
    "project_id": "kiacs-8ac83",
    "storage_bucket": "kiacs-8ac83.appspot.com"
  },
  "client": [
    {
      "client_info": {
        "mobilesdk_app_id": "1:768555341683:android:9d4217be929d6ed3271706",
        "android_client_info": {
          "package_name": "com.kiacs.kiacs"
        }
      },
      "oauth_client": [
        {
          "client_id": "768555341683-otnkocro5mvun1rrtqr735voavig002i.apps.googleusercontent.com",
          "client_type": 3
        }
      ],
      "api_key": [
        {
          "current_key": "AIzaSyD8M4OrAHrDHBhQ7nUgTst1UbyYW8JV1Ns"
        }
      ],
      "services": {
        "appinvite_service": {
          "other_platform_oauth_client": [
            {
              "client_id": "768555341683-otnkocro5mvun1rrtqr735voavig002i.apps.googleusercontent.com",
              "client_type": 3
            }
          ]
        }
      }
    }
  ],
  "configuration_version": "1"
}